,Rep Rate,Power,Database file name,conentration wavelength [nm],Waveguide Length [mm],Averaging time [s],Value
0,5.612MHz,6,NH3-25T,1475.00,1.50,0.21144085553846595,48.780726652465965
1,5.612MHz,6,NH3-25T,1475.00,1.50,0.4228817110769319,25.413275705218663
2,5.612MHz,6,NH3-25T,1475.00,1.50,0.8457634221538638,12.82296352116231
3,5.612MHz,6,NH3-25T,1475.00,1.50,2.114408555384659,5.0285893787166875
4,5.612MHz,6,NH3-25T,1475.00,1.50,4.228817110769318,2.446486195804174
5,5.612MHz,6,NH3-25T,1475.00,1.50,8.457634221538637,1.306688492911261
6,5.612MHz,6,NH3-25T,1475.00,1.50,21.144085553846594,0.49747258367460495
