Rep Rate,Power,Database file name,conentration wavelength [nm],Waveguide Length [mm],Averaging time [s],Value
5.612MHz,6,CH4-25T,1524.90,3.00,0.21144085553846595,123.24295422404782
5.612MHz,6,CH4-25T,1524.90,3.00,0.4228817110769319,63.82645202297259
5.612MHz,6,CH4-25T,1524.90,3.00,0.8457634221538638,34.04743307599607
5.612MHz,6,CH4-25T,1524.90,3.00,2.114408555384659,12.892134483801044
5.612MHz,6,CH4-25T,1524.90,3.00,4.228817110769318,5.919085400304821
5.612MHz,6,CH4-25T,1524.90,3.00,8.457634221538637,2.9505005913179794
5.612MHz,6,CH4-25T,1524.90,3.00,21.144085553846594,1.2167149323470754
