Rep Rate,Power,Database file name,conentration wavelength [nm],Waveguide Length [mm],Averaging time [s],Value
5.612MHz,6,CH4-25T,1249.80,1.00,1.0156749486923218,81.7235692600636
5.612MHz,8,CH4-25T,1249.80,1.00,1.0156248211860657,49.36231275304402
5.612MHz,7,CH4-25T,1249.80,1.00,1.0156255960464478,19.65360329819569
